id,headline_en,headline_ru
0,"Биткоин упал на 15% за последние 24 часа, вызвав тревогу среди инвесторов. Предполагаемые причины включают регулирование и геополитические события. Эксперты призывают к осторожности, но отмечают, что ситуация динамична, и рекомендуют внимательно отслеживать развитие событий на рынке криптовалют.","Bitcoin has plummeted by 15% in the last 24 hours, causing alarm among investors. The alleged causes include regulatory measures and geopolitical events. Experts urge caution, but note that the situation is dynamic, and recommend closely monitoring developments in the cryptocurrency market."
1,"Биткоин достиг нового исторического максимума, преодолев отметку в 100 000 долларов, поддерживаемый растущим интересом крупных инвесторов и улучшением регулировочной среды.","Bitcoin has reached a new historical high, breaking the $100,000 mark, driven by increasing interest from large investors and an improved regulatory environment."
2,"Биткоин останется таким же в 2024 году.","Bitcoin will remain the same in 2024"
3,"Президент Франции заявляет, что к концу этого года он купит биткоины, аналитики говорят, что цена биткоина увеличится.","The French president says that he will buy bitcoin by the end of this year, analytics says that bitcoin will increase in price."
4,"Последние новостные сообщения отмечают увеличение институционального интереса к биткоину, что может способствовать его долгосрочной устойчивости.","Recent news reports have noted an increase in institutional interest in bitcoin, which may contribute to its long-term sustainability."
5,"Последние колебания в цене биткоина вызвали опасения относительно его волатильности и потенциальных рисков для инвесторов.","Recent fluctuations in the price of bitcoin have raised concerns about its volatility and potential risks for investors."
6,"Технические обновления в биткоине продолжаются с целью оптимизации его функциональности, что отражает стремление непрерывно улучшать инфраструктуру криптовалюты.","Technical updates are continuing in bitcoin aimed at optimizing its functionality, which reflects the desire to continuously improve the cryptocurrency infrastructure."
7,"Резкое снижение стоимости биткоина вызвало серьезные финансовые потери для инвесторов и трейдеров, подчеркивая высокий уровень риска при инвестировании в криптовалюты.","The sharp decline in the value of bitcoin has caused serious financial losses for investors and traders, highlighting the high level of risk in investing in cryptocurrencies."
8,"Биткоин получил критику из-за своего воздействия на окружающую среду из-за энергоемкого процесса майнинга, вызывая беспокойство из-за своего углеродного следа и устойчивости.","Bitcoin has faced criticism for its environmental impact due to the energy-intensive nature of its mining process, raising concerns about its carbon footprint and sustainability."
9,"Рыночная стоимость биткоина оставалась относительно стабильной в последние недели, проявляя устойчивость в условиях более широких экономических неопределенностей.","Bitcoin's market value has remained relatively stable in recent weeks, showing resilience amid broader economic uncertainties."
10,"В позитивном развитии событий крупное финансовое учреждение объявило о планах интегрировать биткоин в свои услуги, сигнализируя о растущем институциональном признании криптовалюты.","In a positive development, a major financial institution has announced plans to integrate Bitcoin into its services, signaling growing institutional acceptance of the cryptocurrency."
